"","latlon","lat","lon","site_name","id","map","mean_storm_size","median_storm_size","sd_storm_size","storm_freq","map_reanalysis","mean_temp","median_temp","sd_temp","mean_storm_size_fy","median_storm_size_fy","sd_storm_size_fy","storm_freq_fy","map_reanalysis_fy"
"1","44.467-73.2",44.467,-73.2,"USA_Vt_Burlington_1",11,866,10.1080341718626,7.26194257355845,8.62216820917412,8.51570247933885,512.641246031984,16.8048134526865,17.3511532870206,4.95757013717178,8.88428984498757,6.31137947906444,7.53835377676527,8.01202457995631,996.50875817218
"2","40.05-111.783",40.05,-111.783,"USA_Ut_Wasatch_1",16,393,9.86354207127121,7.0604233516232,8.35720718964805,2.89790957705396,190.701584364337,16.5041291321721,17.0456096302379,5.41474148237856,7.37853992685309,5.42877617350314,6.05747563461863,4.31363330134945,458.74471965314
"3","35.967-79.133",35.967,-79.133,"USA_Nc_Piedmont",18,1162,9.70494859509733,6.71293884801509,9.14969162438569,9.77363274176023,857.555163868605,19.180932371809,20.5211816961115,6.29208220950642,10.1758707969306,7.01741776905361,9.39642812413579,9.11790212931017,1215.46666252298
"4","40.8-111.767",40.8,-111.767,"USA_Ut_RedButte_6",22,667,11.589699110022,8.06173567707777,9.80175158161618,2.49834107498341,131.231747996077,16.3247656748164,16.8131292169744,4.28896148016563,7.75053435639383,5.55211540433282,6.59747010879301,4.71088132617439,515.147675503135
"5","40.75-111.6",40.75,-111.6,"USA_Ut_Cottonwood",24,747,11.7571531566446,8.23365072518672,9.87569736698043,2.42937062937063,121.856528897225,16.565912033828,17.0944501009854,4.18644233103273,7.75053435639383,5.55211540433282,6.59747010879301,4.71088132617439,515.147675503135
"6","40.604-111.582",40.604,-111.582,"USA_Ut_Brighton",34,956,12.5430873413945,9.77868595001796,9.43643196804159,2.05965909090909,75.926990957716,18.0237520853679,18.335823059082,3.31957437562695,7.75053435639383,5.55211540433282,6.59747010879301,4.71088132617439,515.147675503135
"7","44.5-73.117",44.5,-73.117,"USA_Vt_Essex_1",50,891,9.80569384748622,7.07191408506002,8.3559903379747,8.33884297520661,486.885116458765,16.7827466442434,17.2994345925071,5.03311173529714,8.36079124022923,6.02378110142044,7.08348824283103,7.81200008166099,929.693181766967
"8","44.317-72.75",44.317,-72.75,"USA_Vt_Duxbury",57,991,10.3701123406616,7.43702695831995,8.82317561147466,9.075,539.790766827978,13.9805803524364,14.4706652554599,4.67565249302532,9.24058599133838,6.64973431563174,7.84064529682775,8.76846252781577,1117.1811384478
"9","65.1-146.767",65.1,-146.767,"USA_Ak_Bonanza",62,299,9.11061483260506,6.56290572062558,7.14197839243385,6.38111888111888,164.725947675915,12.322172870058,12.3853299227628,3.32958267941083,6.92051630311343,4.87047598485581,5.76545585007119,3.4019496560031,401.173223384743
"10","-42.751171.058",-42.751,171.058,"NZ_Sisland_1",76,3171,18.4015623581506,12.0132498020857,18.2451794055561,16.8247360350493,2633.91183758896,11.4619985448854,11.5553864912553,2.89098472368996,18.4678007468539,12.128489265557,18.2894465010445,16.2473592879162,3740.04578127115
"11","-22.047166.469",-22.047,166.469,"",77,NA,11.8329638368063,6.66793059970422,14.7832536456288,7.61253904415818,1237.26403929825,21.1125974693616,21.201650723544,2.55165637802722,11.8329638368063,6.66793059970422,14.7832536456288,7.61253904415818,1237.26403929825
"12","-22.166166.534",-22.166,166.534,"",78,NA,15.8160424275659,8.26441393191503,21.2370503348944,11.0004123879713,2240.46559852865,21.5880576336254,21.6264326615767,2.42550160844787,15.8160424275659,8.26441393191503,21.2370503348944,11.0004123879713,2240.46559852865
"13","-16.5561111111111145.274944444444",-16.5561111111111,145.274944444444,"",79,NA,14.6495893427409,8.36674483540595,17.675880179306,6.15195884286385,1195.68911299648,22.3193191166448,22.7291299993341,2.85552959662402,14.6495893427409,8.36674483540595,17.675880179306,6.15195884286385,1195.68911299648
"14","35.203-82.242",35.203,-82.242,"USA_Nc_1",80,1394,10.30592142941,7.25522052676586,9.680633861792,11.1114008941878,1004.72854898424,18.6711204130852,19.9878907637162,5.74019395265978,11.2716553123016,7.69865945198531,10.8179944028696,10.3297470551007,1512.18351248546
"15","-16.82145.645",-16.82,145.645,"AU_Qld_3",83,1749,16.7408767705993,8.76598763300783,22.4975439957379,9.17475654819019,1969.4875057689,23.5502616686726,23.9709483753551,2.50004911440995,16.7408767705993,8.76598763300783,22.4975439957379,9.17475654819019,1969.4875057689
"16","10.319-84.794",10.319,-84.794,"CR_Puntarenas",84,2899,11.9158354516796,8.33922180908055,11.3054905997344,18.3595512728906,2760.8663352391,25.104912562791,25.0141537753018,1.19057856181155,11.9158354516796,8.33922180908055,11.3054905997344,18.3595512728906,2760.8663352391
"17","10.025-84.125",10.025,-84.125,"CR_Heredia",85,3131,13.4498165843804,9.33249619419009,12.7412276319085,20.8751893514076,3519.82084975608,22.9349686724286,22.9035569624467,1.01183637477551,13.4498165843804,9.33249619419009,12.7412276319085,20.8751893514076,3519.82084975608
"18","35.012135.768",35.012,135.768,"JP_Kyoto_1",87,1720,14.1752484991764,9.24325486549854,14.5038608935906,10.7434670592565,1322.31561724498,17.5390436626683,18.0019448020241,6.42191038595219,13.137899465256,8.37945546436293,13.6297428923382,10.6136292183002,1809.57649566236
"19","34.673-83.354",34.673,-83.354,"USA_Ga",89,1507,11.3818729252374,7.73846935491416,11.1210224552417,11.223044397463,1162.53141270561,18.6983261893382,20.1251975319602,6.02681679077342,12.6034479816027,8.31376254685562,12.5384516629369,10.6986383030847,1724.57017247134
"20","-29.25152.124",-29.25,152.124,"AU_Nsw",90,1134,10.6421495577791,7.06845741152806,10.4009821357561,7.72505186721992,730.236293441611,17.9634678392759,18.1022798018022,3.82604893763508,10.3851025094677,6.7779795243934,10.3993841501921,6.49772574158382,921.14895479072
"21","-21.182165.292",-21.182,165.292,"NC_Nord",91,1579,15.7394700784336,8.67178452719765,19.7889960477439,8.84006900353184,1809.36361598646,21.9435611208299,22.0445104425603,2.36308560759624,15.7394700784336,8.67178452719765,19.7889960477439,8.84006900353184,1809.36361598646
"22","-20.4544.817",-20.45,44.817,"MG_Kirindy",92,770,17.7633398885957,9.94587538922629,21.4484099564919,3.63346875446584,806.152347756598,24.751101058097,25.214174860174,2.76232030359133,17.7633398885957,9.94587538922629,21.4484099564919,3.63346875446584,806.152347756598
"23","42.35-71.083",42.35,-71.083,"USA_Ma_Harvard",94,1086,10.6328512381428,7.4202797314766,9.96947415869455,7.9516129032258,569.743226755949,17.3442428872266,17.9319358132102,5.22447074928625,11.3565548150068,7.77090360262347,10.540129928815,8.03816221954556,1197.99093730773
"24","-19.183145.75",-19.183,145.75,"AU_Qld_ManyPeaks",96,1132,11.5524274815785,7.33182789233979,12.0520776843419,4.2008880632056,675.52632889344,22.9456461349176,23.5808306607333,3.85397924750765,11.5524274815785,7.33182789233979,12.0520776843419,4.2008880632056,675.52632889344
"25","10.35-85.35",10.35,-85.35,"CR_PaloVerde",100,1460,11.4269731260775,7.50073352479376,11.803371312819,13.6104485229569,2002.92539493354,27.3698349144417,27.3051288951526,1.17534334143494,11.4269731260775,7.50073352479376,11.803371312819,13.6104485229569,2002.92539493354
"26","10.417-84",10.417,-84,"CR_LaSelva",101,4200,13.4498165843804,9.33249619419009,12.7412276319085,20.8751893514076,3519.82084975608,22.9349686724286,22.9035569624467,1.01183637477551,13.4498165843804,9.33249619419009,12.7412276319085,20.8751893514076,3519.82084975608
"27","9.167-79.846",9.167,-79.846,"PA_BCI",102,2600,12.3571347363329,9.22536745932038,11.1603771703138,19.3350325623175,3021.42623311318,26.06767810981,26.0281674471768,0.956021586783601,12.3571347363329,9.22536745932038,11.1603771703138,19.3350325623175,3021.42623311318
"28","40.7-111.683",40.7,-111.683,"USA_Ut_Millcreek",111,757,11.9882709967107,8.90474442842374,9.57634094942091,2.27667984189723,100.767780395676,17.1653609541942,17.6403570001775,3.8585373939068,7.75053435639383,5.55211540433282,6.59747010879301,4.71088132617439,515.147675503135
"29","30.6520.3",30.65,20.3,"GR_Epirus_1",114,1364,9.48943321305161,6.90655398907521,7.98998697739015,1.37323765387992,181.603513331784,20.5041042692646,21.3096135919744,5.67428166769749,9.48943321305161,6.90655398907521,7.98998697739015,1.37323765387992,181.603513331784
"30","21.5-157.833",21.5,-157.833,"USA_Hi_Oahu",121,2220,8.2838458243892,5.22108436567413,8.94431762583612,6.0869342424923,767.10338092294,22.3997794197619,22.5865355058149,1.53283261423755,8.2838458243892,5.22108436567413,8.94431762583612,6.0869342424923,767.10338092294
"31","42.283-71.133",42.283,-71.133,"USA_Ma_Arnold",123,1124,10.6328953574701,7.41809586232359,9.98388080061054,7.95921375921376,567.238602697556,17.3909981137588,17.9708953857422,5.19240627430827,11.3565548150068,7.77090360262347,10.540129928815,8.03816221954556,1197.99093730773
"32","9.15-79.85",9.15,-79.85,"PA_FortSherman",125,3100,12.3571347363329,9.22536745932038,11.1603771703138,19.3350325623175,3021.42623311318,26.06767810981,26.0281674471768,0.956021586783601,12.3571347363329,9.22536745932038,11.1603771703138,19.3350325623175,3021.42623311318
"33","9.167-79.85",9.167,-79.85,"PA_PanamaCity",126,1800,12.3571347363329,9.22536745932038,11.1603771703138,19.3350325623175,3021.42623311318,26.06767810981,26.0281674471768,0.956021586783601,12.3571347363329,9.22536745932038,11.1603771703138,19.3350325623175,3021.42623311318
"34","-33.9518.917",-33.95,18.917,"SA_Jonkershoek",147,945,12.3316138585237,8.4500215917995,10.8742322044262,5.35603576751118,852.883313421292,16.7946529251638,16.6615829467773,4.28748272569532,12.3316138585237,8.4500215917995,10.8742322044262,5.35603576751118,852.883313421292
"35","-26.567-54.333",-26.567,-54.333,"AR_Iguazu ",160,2000,11.4316801059432,7.49616360355338,11.6799638394467,11.0102790764143,1641.8313192504,20.222263108104,20.9368423461914,4.6713486038487,11.4316801059432,7.49616360355338,11.6799638394467,11.0102790764143,1641.8313192504
"36","10.906-85.602",10.906,-85.602,"CR_SantaRosa",180,1922,14.4571699470989,8.51913025676781,17.0537946739673,10.6,1962.78831888388,26.6516925116364,26.5845471468838,1.07351205258482,14.4571699470989,8.51913025676781,17.0537946739673,10.6,1962.78831888388
"37","48.7516.338",48.751,6.338,"FR_Champenoux",206,766,7.97139119222522,5.96835581575182,6.20597145210661,7.28030303030303,395.694468061698,15.0602050488405,15.2047157981179,4.06330219028846,7.41687906883752,5.63236411010042,5.54080788184885,7.80148214686728,816.086957043538
"38","44.452-73.183",44.452,-73.183,"USA_Vt_Burlington_2",207,871,10.1018677679181,7.26363901313479,8.60482235720544,8.51204819277109,515.229983224878,16.7600238695594,17.3099484530362,4.98795480315426,8.88428984498757,6.31137947906444,7.53835377676527,8.01202457995631,996.50875817218
"39","45.7173.05",45.717,3.05,"FR_Clermont_2",218,786,9.21499557172089,6.59540008658289,7.91438773803004,7.46815459989113,424.628024127132,15.8957951129878,15.9135844837535,3.9687689820758,7.52004852191294,5.38801044072236,6.39840580339794,7.29510646550844,793.219182552673
"40","46.633-114.583",46.633,-114.583,"USA_Id_1",220,464,10.1901428276439,7.55592636266639,8.23045063317824,3.75385934819897,139.917602142104,14.5913088711825,14.7003918734464,3.94456873538979,7.08145369489217,5.3177305028922,5.42421766859606,7.54836167650001,757.6114269581
"41","5.181-52.68",5.181,-52.68,"GF_Kourou",222,2654,14.1065711946142,9.46169700134884,14.7353616060334,16.9147398076884,3036.08769419349,26.2453646839351,26.1787332708185,0.748185149998996,14.1065711946142,9.46169700134884,14.7353616060334,16.9147398076884,3036.08769419349
"42","43.63.85",43.6,3.85,"FR_Montpellier_1",226,742,15.217459714732,9.34520021239719,16.5936006803669,5.45454545454546,766.590892553692,15.8331565237194,15.9920379638672,5.42260841836139,14.6599406486999,8.8368097923442,16.0972789932061,5.8366474082845,1107.39824198233
"43","43.953.217",43.95,3.217,"FR_Larzac",228,768,14.6411275589873,9.22299093688542,15.1861254446001,4.66872110939907,429.130954379634,17.2813997289249,17.3807153875177,3.93176586076204,13.2521785586028,8.25556698122951,14.1221777714653,6.00920115141988,1048.45443055395
"44","38.583-109.533",38.583,-109.533,"USA_Ut_1",229,240,8.89576763878348,6.28759239509236,7.47910887253875,1.82479338842975,138.794344570124,17.1440913201955,17.7750004161488,6.38734837386083,7.1310507788179,4.881110001112,6.25160658232921,1.93546536553498,221.264884173198
"45","47.6-112.758",47.6,-112.758,"USA_Mt_4",230,451,9.32867997120085,6.57829967824827,7.96731367962408,4.86730205278592,207.1354031455,13.5832021830718,13.8282903497869,3.90823655926024,7.30299723790452,4.95509316472718,6.61520728253893,3.53574505440663,422.791565281575
"46","46.217-113.227",46.217,-113.227,"USA_Mt_5",236,470,8.4595535344662,6.71341912106568,6.02515869123279,3.69775678866588,86.277138899786,15.2871776486231,15.4461983420632,3.31271759784802,6.30111009753652,4.52763213765469,4.89332290770451,3.6021619745626,398.820044895664
"47","47.26711.383",47.267,11.383,"AT_Tyrol_Innsbruck",239,897,8.52119331241505,6.47616515703372,6.41012200522202,12.9080399369417,686.07869575271,8.8276847562725,9.0533913352273,4.10239005677047,7.8662612241756,5.88890318171418,5.99067105428186,10.5022048465794,1130.76774981187
"48","47.617-112.69",47.617,-112.69,"USA_Mt_1",243,429,9.32010123743228,6.50999247276394,8.02899085062272,4.91335227272727,216.062804168147,13.4308600230651,13.6750629771839,3.98715689390722,7.30299723790452,4.95509316472718,6.61520728253893,3.53574505440663,422.791565281575
"49","44.75-0.783",44.75,-0.783,"FR_Pierroton",247,993,9.92140428391638,7.20019792534665,8.30974638309146,6.48685199098422,565.492502020106,15.8540067310176,16.1824738935991,4.24675884682764,9.51340942247563,7.11957601153038,7.57425450817261,7.43333197231693,937.515283683483
"50","46.933-113.95",46.933,-113.95,"USA_Mt_2",249,397,7.43700956409745,5.60077799145471,5.47017187735431,4.02467532467532,163.566817714167,14.8955667411507,15.0842247702858,4.40260668980518,5.77393796620172,4.27737777036699,4.27539883600002,3.5842537206786,383.18851213826
"51","42.90.083",42.9,0.083,"FR_Barèges",251,1148,10.8742844327008,7.55492084717844,9.70320070119696,7.62133142448103,375.195411358584,12.2068277237496,12.2856242786754,3.80826334114408,9.45701535141913,6.73984656740107,8.22591040186031,9.76149276279526,1232.60068870471
"52","45.7763.144",45.776,3.144,"FR_Clermont_1",256,618,8.82990514140507,6.30717202322558,7.55077859842434,7.60227272727273,501.828205713817,14.8638012972745,15.0613866632635,4.52903716864719,7.52004852191294,5.38801044072236,6.39840580339794,7.29510646550844,793.219182552673
"53","46.3-114.217",46.3,-114.217,"USA_Mt_3",257,366,7.33644940208739,5.59143888065591,5.31787963040213,3.96837944664032,157.52512630202,14.9228380306279,15.0872912320224,4.48237761452044,5.60271771621494,4.23059691098222,4.00652782840549,4.26071494191863,424.910980664346
"54","48.446.14",48.44,6.14,"FR_Nancy",270,720,9.09283583035903,6.44017238709652,7.86291287036163,8.41818181818182,500.141652103967,15.1196677622169,15.2490904374556,4.10207621860604,8.77757887049353,6.40776221497535,7.19362782700071,8.98653206214401,1058.66966649351
"55","43.6233.879",43.623,3.879,"FR_Montpellier_2",299,745,15.217459714732,9.34520021239719,16.5936006803669,5.45454545454546,766.590892553692,15.8331565237194,15.9920379638672,5.42260841836139,14.6599406486999,8.8368097923442,16.0972789932061,5.8366474082845,1107.39824198233
"56","44.1525.253",44.152,5.253,"FR_MontVentoux",300,954,14.0908364989491,9.37294596398715,13.4386421027146,4.3034238488784,332.336856700301,16.5168797498611,16.5966096357866,3.57763850691362,11.616237505058,7.71381723853251,11.1686913438555,5.62170753118429,866.080462169751
"57","38.327-0.529",38.327,-0.529,"ES_Alicante_1",306,319,8.3321087776967,5.68722344728568,7.43570000280798,2.49317722475144,306.991797740767,16.9656950974039,16.4477962147106,5.90036570586098,8.3321087776967,5.68722344728568,7.43570000280798,2.49317722475144,306.991797740767
"58","47.077-0.745",47.077,-0.745,"FR_Toutlemonde",318,786,7.74905310147202,5.79716399253812,5.99480187757666,5.83719851576994,343.743994001499,15.7561302567236,15.8722879583185,4.04744966676462,7.61815688574931,5.83384603494778,5.64667054662038,6.88383112508421,738.749589545504
"59","-42.905147.325",-42.905,147.325,"AU_Tas_Hobart",322,671,6.24992140881262,4.61470357735049,4.66009238896968,6.24453114453115,460.552270799954,12.2241131047314,12.0169231068004,3.81994115857339,6.08288616718832,4.5198947071119,4.58929029124151,6.3707449523304,650.656853325345
"60","43.507-1.5",43.507,-1.5,"FR_Biarrtiz",339,1375,13.3967218380391,8.82399492442015,12.9894718965188,8.47680890538033,1170.64847815805,13.6023507046862,13.6001310868697,4.30034297162925,12.9651902424412,8.74685395974666,12.2915550330468,8.97454422963069,1490.49512781858
"61","48.257.25",48.25,7.25,"FR_Vosges",364,867,9.53473430041006,6.96294967624867,7.85252314715052,8.9951871657754,518.696531800394,14.75935420888,14.9000596479936,3.98091800610334,9.12945742076016,6.77762181667442,7.30737516980729,9.42479635792009,1140.32375322278
"62","54.33310.133",54.333,10.133,"DE_Kiel",383,775,8.77070620515462,6.44140770150857,7.08286154316468,7.72002230897937,407.631912706431,14.5967570622408,14.6800154252486,3.34171352756319,7.7097563703017,5.79345231436574,5.88470891712101,8.25862646224201,894.234431917932
"63","35-79",35,-79,"USA_Nc_2",392,1210,9.81762088544307,6.90692357528447,9.11227580244543,9.79191919191919,933.379649797893,18.9360270593303,20.3380580555309,6.7274982830097,10.1906088030356,7.12794461652679,9.33872418579887,9.19035583773962,1225.49218956165
"64","40.733-110.983",40.733,-110.983,"USA_Ut_Wasatch_2",400,680,13.8566972522635,11.5268060458104,9.97974936117435,2.34090909090909,74.4524493960022,11.4974435864073,11.6120667891069,2.67144904744612,6.66838357596094,4.79290324691895,5.61235097519866,4.67578547659392,479.77688069133
"65","40.759-111.85",40.759,-111.85,"USA_Ut_UofUtah",404,511,10.6233637913447,7.08520959464791,9.31202977729103,3.02604698672114,199.271158364001,14.6735599615236,15.1915299849076,5.17975929628664,7.75053435639383,5.55211540433282,6.59747010879301,4.71088132617439,515.147675503135
"66","40.2210527777778112.744411111111",40.2210527777778,112.744411111111,"",409,NA,9.18362397221011,6.34383498918561,8.19048883435949,7.11380985426787,324.764280177086,18.5367502375331,18.9528381347656,3.41006802479935,8.46680941579235,5.80337412269066,7.65201195654657,3.38772227099198,421.55942842667
"67","40.75-111.9",40.75,-111.9,"USA_Ut_SaltLake",418,422,10.2881781469517,6.97630239804064,9.01104809019407,3.1684911946692,219.619366967548,14.1265468955097,14.6423597856001,5.48659731224825,7.75053435639383,5.55211540433282,6.59747010879301,4.71088132617439,515.147675503135
"68","-29.88331",-29.883,31,"SA_Natal_Durban",425,972,8.48554695584372,5.72720877011307,8.07803668302264,7.74038748137109,929.633508668036,19.0070526106745,19.1912157925692,3.73433444727687,8.48554695584372,5.72720877011307,8.07803668302264,7.74038748137109,929.633508668036
"69","42.673-84.474",42.673,-84.474,"USA_Mi_Ingham",434,785,9.69630096796493,6.73466982732696,8.61046833348445,7.7475876079228,484.918437801389,17.3284098968584,18.0528628262606,5.38318624079993,8.7176964194838,6.09953305424741,7.62069019418861,7.14136741318417,866.430005033943
"70","30.917-99.9",30.917,-99.9,"USA_Tx_Menard",453,700,10.906753207983,6.56729392125271,12.3054136847681,4.73363636363636,572.939459038807,20.7473842301802,21.9540416370738,6.66823824444773,10.5363171594864,6.42402366385795,11.829728623592,4.41825327154319,637.178482834177
"71","30.367-97.75",30.367,-97.75,"USA_Tx_Austin",456,700,10.9777488037869,6.66418560489547,12.5599866748851,6.18368983957219,850.140344159197,20.9746980563077,22.2183307994495,7.40792989257335,10.8431163631059,6.63582297904544,12.3436181437945,6.10879488802238,894.06056709279
"72","46.917-114.083",46.917,-114.083,"USA_Mt_Missoula_1",465,357,7.7107457080348,5.65854365688706,6.08043028725007,4.19966536530954,203.671146774351,13.9118995117596,14.184404962713,4.95498453495445,5.87695298399065,4.38004279747309,4.463964505437,4.90369720106976,483.211008572153
"73","40.25-111.617",40.25,-111.617,"USA_Ut_2",476,683,10.8722932898304,7.75850731218022,8.8445877336232,2.41031941031941,133.151866348166,18.1672760234711,18.6083930275657,4.45408937175494,7.37853992685309,5.42877617350314,6.05747563461863,4.31363330134945,458.74471965314
"74","41.2170.917",41.217,0.917,"ES_Prades_1",492,709,11.1485889028727,7.47122494323941,10.569437885436,3.50181818181818,325.264258505313,18.5870277555832,18.9436878551136,4.69646831254552,10.231945223502,6.70223900000565,9.92808477195916,3.50639405508033,495.026294941021
"75","37.367-2.85",37.367,-2.85,"ES_Granada",514,783,9.69342985679171,7.68952537764562,7.24461479485523,1.67588932806324,81.1265246772428,19.6118205174784,19.9873779296875,3.64730315728354,8.88102289531449,6.42018020073672,7.29906609036696,3.78035032562318,465.102296169208
"76","40.615.8",40.6,15.8,"ES_Potenza",515,685,9.89044621685169,6.75796962602445,8.98500478912223,3.63024022609515,255.006528535869,16.9870474054855,17.3114266135476,4.24088612628772,8.38824163557788,5.87430420141159,7.30503979647563,5.12453708429455,607.730046618163
"77","41.3331.017",41.333,1.017,"ES_Prades_3",516,709,12.0832899752092,7.90094210480509,11.6455396950079,3.80327868852459,306.413633936525,19.5715658097852,20.0116879549893,3.49886255239521,10.5683195462783,6.89492329547647,10.4756620690454,3.88791621582998,560.019706224985
"78","42.21.817",42.2,1.817,"ES_Vallcebre",517,940,9.54693168992614,6.85933585723185,8.04854155546918,6.97700534759359,417.242586803236,14.186850791564,14.3651009299538,3.924580124695,8.51442178879021,6.08161358443216,7.28704920860209,6.1913725169957,745.917944384845
"79","45.72.983333333",45.7,2.983333333,"FR_Fonfreyde",518,931,10.0636122441388,7.16186452133115,8.69213665998854,8.24363636363637,448.713510809452,13.6006335245769,13.5789796309038,3.82400339702075,8.4830264911512,6.22837152459066,6.92946670552817,9.47326215217524,1088.22012731853
"80","46.37.616666667",46.3,7.616666667,"CH_Pfyn",519,703,7.89522090289527,5.92839125670831,6.13717801172544,8.93336776859504,476.39680541089,5.307551191661,5.44863725142048,3.81907140015541,7.94059943957428,5.82015312313822,6.55372175930452,8.69743992813834,977.011513993666
"81","46.3177.583333333",46.317,7.583333333,"CH_Salgesch",520,738,7.91620837805937,5.99802156227683,6.08671816885211,8.93572669368848,425.139422492299,5.85137726695953,5.94632623845883,3.52732549619458,7.94059943957428,5.82015312313822,6.55372175930452,8.69743992813834,977.011513993666
"82","46.3177.733333333",46.317,7.733333333,"CH_Jeizinen",521,694,7.94211368898006,6.02658531094097,6.1010425008917,8.93181818181818,412.217476986053,5.98006309436271,6.09109053178269,3.47286307788808,7.94059943957428,5.82015312313822,6.55372175930452,8.69743992813834,977.011513993666
"83","52.1675.733333333",52.167,5.733333333,"NL_Kootwijk",522,785,7.76402043867829,6.03780795539602,5.47922263704073,8.4941594718131,447.218889157263,14.4544062547117,14.475620061701,3.81445865095658,7.35419669488679,5.78342504407787,5.09137898549892,8.74608129350999,907.5613315679
"84","52.35.716666667",52.3,5.716666667,"NL_Leuvenumse",523,785,7.75622685402737,6.04019548479383,5.47321200352471,8.48484848484848,449.084879985425,14.4255402397387,14.4578887939453,3.83129792674607,7.35419669488679,5.78342504407787,5.09137898549892,8.74608129350999,907.5613315679
"85","55.867-3.45",55.867,-3.45,"UK_Edinburgh_1",524,851,6.40636218908629,5.00777229031717,4.26593253630814,9.95168467895741,370.411647716845,12.3368456627712,12.4026064786044,2.56726793902142,6.90623638006544,5.36013995069714,4.85231232282866,10.5544821672825,1043.82327168744
"86","61.8524.3",61.85,24.3,"FI_Hyytiala",525,585,7.9215262403799,6.23048085671723,5.55297680499479,7.69967532467532,256.212467413367,14.0353023058409,14.1338324806907,3.46644694588017,6.34498943782168,4.9706186929887,4.31816462949806,7.19440826409162,694.553687067408
"87","37.017-2.417",37.017,-2.417,"ES_Almería",526,242,7.94355444838484,5.63976605544502,6.52845620752291,2.90008370250903,333.407428604347,14.6342451548564,13.6968315818093,6.53069301318041,7.94355444838484,5.63976605544502,6.52845620752291,2.90008370250903,333.407428604347
"88","38.167-0.633",38.167,-0.633,"ES_Alicante_2",533,312,8.3321087776967,5.68722344728568,7.43570000280798,2.49317722475144,306.991797740767,16.9656950974039,16.4477962147106,5.90036570586098,8.3321087776967,5.68722344728568,7.43570000280798,2.49317722475144,306.991797740767
"89","38.233-4.2",38.233,-4.2,"ES_Cardeña",538,770,9.40373224279486,6.79313758954363,7.55980625604652,4.07834928229665,429.76301804318,16.8693547344664,16.2372755570845,7.01573372140003,9.29574835890647,6.74641481531911,7.44811282406273,4.41955984729396,555.557199311815
"90","34.5-118.4",34.5,-118.4,"USA_Ca_ColdCreek",542,433,8.56060197401835,6.38823812314182,6.84090149736539,1.17037279267495,111.910709890146,15.6453587234527,15.7759008234197,5.62060697973567,9.83521686076756,6.73541373456828,8.57071632997117,1.83172733397301,255.787974280771
"91","35.2-117.6",35.2,-117.6,"USA_Ca_Mojave",543,138,7.40226494038058,6.01936594333175,4.94570615922385,0.753896103896104,68.1161776259734,19.3147220046799,19.5065865256569,6.35629423126381,7.70189771658382,6.08114437549375,5.44851421362351,1.15969622113795,137.853660653455
"92","34.2-118.4",34.2,-118.4,"USA_Ca_Malibu_1",545,406,15.6726255855764,9.72290665990758,16.5389080592772,2.44996427331931,504.135439728849,13.3860946743245,12.9976826060902,5.29726283368736,15.6726255855764,9.72290665990758,16.5389080592772,2.44996427331931,504.135439728849
"93","-33.93519.521",-33.935,19.521,"SA_Jonaskop_1",564,703,6.66709835169152,5.03150576392231,4.96746552788776,2.27998596121786,188.371571272362,17.591404179269,17.8340402776544,4.08425610701997,6.95582777658539,5.24083850788884,5.17481394615152,3.04358246738664,335.996003986831
"94","34.098-118.653",34.098,-118.653,"USA_Ca_SantaMonica_2",611,380,15.9651866817596,9.97460243212779,16.6019958116247,2.32004573015128,484.009029616622,14.7370355142038,14.5330334750089,4.69334350416508,15.9651866817596,9.97460243212779,16.6019958116247,2.32004573015128,484.009029616622
"95","34.089-118.655",34.089,-118.655,"USA_Ca_SantaMonica_6",613,380,15.9651866817596,9.97460243212779,16.6019958116247,2.32004573015128,484.009029616622,14.7370355142038,14.5330334750089,4.69334350416508,15.9651866817596,9.97460243212779,16.6019958116247,2.32004573015128,484.009029616622
"96","34.084-118.704",34.084,-118.704,"USA_Ca_SantaMonica_8",615,380,15.9651866817596,9.97460243212779,16.6019958116247,2.32004573015128,484.009029616622,14.7370355142038,14.5330334750089,4.69334350416508,15.9651866817596,9.97460243212779,16.6019958116247,2.32004573015128,484.009029616622
"97","34.084-118.651",34.084,-118.651,"USA_Ca_SantaMonica_10",617,380,15.9651866817596,9.97460243212779,16.6019958116247,2.32004573015128,484.009029616622,14.7370355142038,14.5330334750089,4.69334350416508,15.9651866817596,9.97460243212779,16.6019958116247,2.32004573015128,484.009029616622
"98","34.04-118.701",34.04,-118.701,"USA_Ca_SantaMonica_12",618,380,15.9651866817596,9.97460243212779,16.6019958116247,2.32004573015128,484.009029616622,14.7370355142038,14.5330334750089,4.69334350416508,15.9651866817596,9.97460243212779,16.6019958116247,2.32004573015128,484.009029616622
"99","34.068-118.719",34.068,-118.719,"USA_Ca_SantaMonica_13",622,380,15.9651866817596,9.97460243212779,16.6019958116247,2.32004573015128,484.009029616622,14.7370355142038,14.5330334750089,4.69334350416508,15.9651866817596,9.97460243212779,16.6019958116247,2.32004573015128,484.009029616622
"100","34.085-118.708",34.085,-118.708,"USA_Ca_SantaMonica_14",623,380,15.9651866817596,9.97460243212779,16.6019958116247,2.32004573015128,484.009029616622,14.7370355142038,14.5330334750089,4.69334350416508,15.9651866817596,9.97460243212779,16.6019958116247,2.32004573015128,484.009029616622
"101","34.083-118.761",34.083,-118.761,"USA_Ca_SantaMonica_15",628,380,15.9651866817596,9.97460243212779,16.6019958116247,2.32004573015128,484.009029616622,14.7370355142038,14.5330334750089,4.69334350416508,15.9651866817596,9.97460243212779,16.6019958116247,2.32004573015128,484.009029616622
"102","34.103-118.695",34.103,-118.695,"USA_Ca_SantaMonica_16",629,380,15.9651866817596,9.97460243212779,16.6019958116247,2.32004573015128,484.009029616622,14.7370355142038,14.5330334750089,4.69334350416508,15.9651866817596,9.97460243212779,16.6019958116247,2.32004573015128,484.009029616622
"103","34.088-118.838",34.088,-118.838,"USA_Ca_SantaMonica_5",682,541,15.9651866817596,9.97460243212779,16.6019958116247,2.32004573015128,484.009029616622,14.7370355142038,14.5330334750089,4.69334350416508,15.9651866817596,9.97460243212779,16.6019958116247,2.32004573015128,484.009029616622
"104","45.7633.066",45.763,3.066,"FR_Clermont_INRA",689,669,9.00655828414023,6.45393855435858,7.69585244091567,7.54743083003953,465.342806606937,15.3830055236817,15.4689060557972,4.22959324134862,7.52004852191294,5.38801044072236,6.39840580339794,7.29510646550844,793.219182552673
"105","45.6973.002",45.697,3.002,"FR_Auvergne ",690,816,9.45640577867502,6.74006213185335,8.13080192643754,7.36545454545455,383.653295477545,16.3696649169922,16.3694406682794,3.75921753505284,7.52004852191294,5.38801044072236,6.39840580339794,7.29510646550844,793.219182552673
"106","9.283-79.975",9.283,-79.975,"PA_SanLorenzo",701,3100,12.3571347363329,9.22536745932038,11.1603771703138,19.3350325623175,3021.42623311318,26.06767810981,26.0281674471768,0.956021586783601,12.3571347363329,9.22536745932038,11.1603771703138,19.3350325623175,3021.42623311318
"107","25.55-80.217",25.55,-80.217,"USA_Fl_Biscayne",708,1294,12.7802043008724,7.93918279401789,14.1105117279939,10.1999081313925,1692.59662684241,24.3946206191687,25.0251642400568,3.62744611614238,12.7802043008724,7.93918279401789,14.1105117279939,10.1999081313925,1692.59662684241
"108","43.28311.583",43.283,11.583,"IT_Siena",709,910,11.9258043869927,7.92440381186845,11.7189661546125,4.9918414918415,492.200343114683,16.3016196024909,16.5398039384321,5.09639360575508,10.7835321212065,7.30992000724655,10.2997458165779,5.58062797297022,796.160670835567
"109","-28.43332.183",-28.433,32.183,"SA_Natal_KwaZulu_1",714,1057,11.597022141159,7.06784217745404,12.6809179859472,7.13756405283466,1106.43873364132,21.5555656472304,21.7622172962535,3.26055143623121,11.597022141159,7.06784217745404,12.6809179859472,7.13756405283466,1106.43873364132
"110","49.7-112.817",49.7,-112.817,"CA_Lethbridge",725,390,9.99008404586766,6.82561202038249,9.10599808024234,4.74866310160428,263.443832936051,14.8105603839695,15.1690346457741,4.44106845467741,7.84549436197857,5.11335207234052,7.55457826536253,3.44678766102525,423.327590701939
"111","40.2-112.933",40.2,-112.933,"USA_Ut_Dugway",726,200,9.20256555516689,6.51154520175293,7.45560718743601,2.54716981132076,179.269105956304,16.3550931325294,16.8816159335049,6.51466863635073,7.29669173900057,5.20092502749652,6.03750917796254,3.06366086193169,330.235588747108
"112","40.783-111.8",40.783,-111.8,"USA_Ut_RedButte_2",740,560,11.3995438612635,7.80906716308726,9.74974010217989,2.60772104607721,145.358840157206,15.9985028182585,16.4951994462446,4.43066103561216,7.75053435639383,5.55211540433282,6.59747010879301,4.71088132617439,515.147675503135
"113","40.6-111.583",40.6,-111.583,"USA_Ut_RedButte_3",744,952,12.5430873413945,9.77868595001796,9.43643196804159,2.05965909090909,75.926990957716,18.0237520853679,18.335823059082,3.31957437562695,7.75053435639383,5.55211540433282,6.59747010879301,4.71088132617439,515.147675503135
"114","40.783-111.783",40.783,-111.783,"USA_Ut_RedButte_4",745,667,11.589699110022,8.06173567707777,9.80175158161618,2.49834107498341,131.231747996077,16.3247656748164,16.8131292169744,4.28896148016563,7.75053435639383,5.55211540433282,6.59747010879301,4.71088132617439,515.147675503135
"115","46.167-123.533",46.167,-123.533,"USA_Or_Knappa",749,2311,12.3171778548917,8.60817691051952,10.9188625308973,6.70880681818182,561.561261360862,13.1292271989765,13.2505315607244,3.12671982608484,16.5464245064567,11.597138712479,15.3315277045581,11.1943368107303,2316.32727685675
"116","-31.75115.95",-31.75,115.95,"AU_Wa_Swan",751,868,11.7259739680867,8.50507319936614,9.79793313414058,5.40611232468408,816.852535526866,18.0123977622173,17.2951223200017,4.69391788290238,11.7259739680867,8.50507319936614,9.79793313414058,5.40611232468408,816.852535526866
"117","-32.9115.69",-32.9,115.69,"AU_Wa_Yalgorup",758,875,13.6226362256702,9.57385741555217,11.9763539442813,6.71801237163914,1163.25457242804,17.261336278177,16.4740958473899,4.56365104343658,13.6226362256702,9.57385741555217,11.9763539442813,6.71801237163914,1163.25457242804
"118","-32.317117.867",-32.317,117.867,"AU_Wa_Corrigin",769,375,8.12576380165546,5.97712399321608,6.69884501281174,3.22199334462977,373.902963236296,16.3937123066635,15.6991151289506,5.97842213128416,8.12576380165546,5.97712399321608,6.69884501281174,3.22199334462977,373.902963236296
"119","-31.4116.317",-31.4,116.317,"AU_Wa_Julimar",783,700,10.6183452636924,7.75411130352454,8.76080619690002,4.5145499458996,626.290622212011,17.4875637305071,16.740364074707,5.70640106341233,10.6183452636924,7.75411130352454,8.76080619690002,4.5145499458996,626.290622212011
"120","-20.1146.883",-20.1,146.883,"AU_Qld_Ravenswood",787,684,12.7167006322232,7.59076889498498,14.0379850260268,4.01937815160362,698.226944279433,23.0736392127474,23.6822162974964,4.11118448063695,12.7167006322232,7.59076889498498,14.0379850260268,4.01937815160362,698.226944279433
"121","38.18315.55",38.183,15.55,"IT_Messina",797,832,10.3519288752474,6.90232726247897,10.340770211418,6.05346140497724,842.812516434491,16.3987235613882,15.8078652121804,5.85602297400451,10.3519288752474,6.90232726247897,10.340770211418,6.05346140497724,842.812516434491
"122","45.63313.083",45.633,13.083,"IT_Triests",799,1015,18.2774760706057,10.3277398426805,20.6713479933191,6.34904601571268,973.667051290737,17.9393852293826,18.3281183416193,5.29933023985911,16.9033825721077,10.1582146870946,18.6486624879244,6.41326378539493,1371.10617543482
"123","35.033-83.45",35.033,-83.45,"USA_Nc_Coweeta_1",805,2500,9.66259544383721,7.03255368597721,8.60719479881257,12.0631578947368,794.035535045715,18.2749783383602,19.2388727361505,4.12199608098232,11.5777932539895,7.79216634596444,11.250703509383,10.8546536553498,1625.593108673
"124","44.2-122.25",44.2,-122.25,"USA_Or_BlueRiver",806,3550,10.0853440438859,7.30625164970248,8.30365086306978,5.29261363636364,313.076255446233,14.2681413598494,14.3749668468128,4.42238283127875,13.436648223707,9.5916027370417,11.8757506493588,10.8129248923096,1847.57804399842
"125","45.3335.5",45.333,5.5,"FR_Grenoble",812,937,11.3073420107,7.43505161567803,10.9532299191401,8.37124944021495,685.677843509068,15.8230475405648,15.9845797452059,4.75422481943175,10.0674351381959,6.76822506362276,9.47197754672522,8.87294367433599,1185.34259568007
"126","45.25.733",45.2,5.733,"FR_Bastille",813,1026,10.8206940935073,7.1070045655043,10.3156136429674,9.46853146853147,714.650013321425,15.0514269464666,15.198583984375,4.55321314943763,10.1992329450216,7.01211000697433,9.19372790132801,9.9512341016271,1338.96468032655
"127","43.811.2",43.8,11.2,"IT_Firenze",818,900,13.8498631095599,9.17878800421022,14.0634038483727,5.29023845007452,615.575138647935,16.2352216569926,16.4873703002929,5.35926128269065,12.7184206223113,8.46353281871416,12.6483951318332,5.9562317538738,972.036888256708
"128","43.43310.7",43.433,10.7,"IT_Lajatico",821,880,15.6128295902486,10.1109715024094,15.5651195474136,3.97831526271893,465.4906922768,17.7056378171283,18.0105431296608,4.54698636580961,13.1272472318624,8.69385958839716,12.9889998370272,4.94676724577915,832.35856116115
"129","43.717-122.333",43.717,-122.333,"USA_Or_Corvallis_2",824,1800,8.89860041157379,6.67447696656878,6.74222795148143,5.36112506278252,322.21277316451,13.3940710875331,13.5318045876243,4.92641246305423,10.849344713454,7.98429250240919,8.92169904532543,9.96246044546067,1402.32367359959
"130","43.7166666666667-122.333333333333",43.7166666666667,-122.333333333333,"",832,1800,8.89860041157379,6.67447696656878,6.74222795148143,5.36112506278252,322.21277316451,13.3940710875331,13.5318045876243,4.92641246305423,10.849344713454,7.98429250240919,8.92169904532543,9.96246044546067,1402.32367359959
"131","-21.34165.46",-21.34,165.46,"NC_Sarramea",841,1500,15.7394700784336,8.67178452719765,19.7889960477439,8.84006900353184,1809.36361598646,21.9435611208299,22.0445104425603,2.36308560759624,15.7394700784336,8.67178452719765,19.7889960477439,8.84006900353184,1809.36361598646
"132","-16.35145.17",-16.35,145.17,"AU_Qld_Nth_2",842,3100,18.325725288744,9.60110092017038,24.0270486242168,9.67714104893534,2260.43632628258,22.380992950551,22.7498481056907,2.69253497932239,18.325725288744,9.60110092017038,24.0270486242168,9.67714104893534,2260.43632628258
"133","-16.083145.4",-16.083,145.4,"AU_Qld_Nth_3",843,2500,18.325725288744,9.60110092017038,24.0270486242168,9.67714104893534,2260.43632628258,22.380992950551,22.7498481056907,2.69253497932239,18.325725288744,9.60110092017038,24.0270486242168,9.67714104893534,2260.43632628258
"134","10.7-84.117",10.7,-84.117,"CR_Volcan",844,4500,13.5961520105426,9.14607296179218,13.7156297617954,19.6327562623767,3357.45978763709,26.1658505894892,26.1411014903675,1.16635220588229,13.5961520105426,9.14607296179218,13.7156297617954,19.6327562623767,3357.45978763709
"135","-30.067-71.4",-30.067,-71.4,"CL_Coquimbo",845,2500,15.9966650167475,11.2358801421413,14.3679684714329,0.599601902700937,125.210529883127,13.3965265763773,13.7214318015359,3.07829422400167,15.9966650167475,11.2358801421413,14.3679684714329,0.599601902700937,125.210529883127
"136","-40.48172.3",-40.48,172.3,"NZ_Wakamarama",846,2400,9.9526249301514,6.80557686914902,9.10915378519903,10.0041871669763,1343.94777499413,14.2079365505897,14.0199967817827,2.44613824491991,9.9526249301514,6.80557686914902,9.10915378519903,10.0041871669763,1343.94777499413
"137","-42.52171",-42.52,171,"NZ_Sisland_2",847,3200,19.9220153232998,12.4829172496472,21.0380314637591,16.0129085517892,3099.86708601802,11.7666197384438,11.9177339033647,3.15503655397199,19.6924217419946,12.424032881602,20.8568335502618,15.655313067799,3849.20685711086
"138","-16.31145.15",-16.31,145.15,"AU_Qld_Nth_1",849,3100,18.325725288744,9.60110092017038,24.0270486242168,9.67714104893534,2260.43632628258,22.380992950551,22.7498481056907,2.69253497932239,18.325725288744,9.60110092017038,24.0270486242168,9.67714104893534,2260.43632628258
"139","-34.36151.1",-34.36,151.1,"AU_Nsw_Macquarie",850,1140,12.7375220366613,7.25294368563813,15.1393145757526,7.39322009676827,1254.38146793965,16.6115712170011,16.727153708718,4.15870173458949,12.7375220366613,7.25294368563813,15.1393145757526,7.39322009676827,1254.38146793965
"140","-29.2152.07",-29.2,152.07,"AU_Nsw_Nth",851,1500,10.5204350837791,6.95549346760593,10.3096457891813,7.44199212101862,761.598224681485,17.466001639922,17.6787974964488,4.0901823965852,10.3851025094677,6.7779795243934,10.3993841501921,6.49772574158382,921.14895479072
"141","37.78-122.717",37.78,-122.717,"USA_Ca_UCBG",852,580,18.0383313456408,11.624740049116,18.174861620795,4.10833146193577,940.35238043375,13.3877801800637,13.4370536110618,3.37337166620047,18.0383313456408,11.624740049116,18.174861620795,4.10833146193577,940.35238043375
"142","35135.7",35,135.7,"JP_Kyoto_2",853,1476,14.1468190366145,9.21859307944859,14.4846326535702,10.7393209200438,1330.23151266412,17.4476544060208,17.9210318825461,6.48385321762328,13.137899465256,8.37945546436293,13.6297428923382,10.6136292183002,1809.57649566236
"143","-22.047166.468",-22.047,166.468,"NC_Dzumac",855,1400,11.8329638368063,6.66793059970422,14.7832536456288,7.61253904415818,1237.26403929825,21.1125974693616,21.201650723544,2.55165637802722,11.8329638368063,6.66793059970422,14.7832536456288,7.61253904415818,1237.26403929825
"144","-21.37165.5",-21.37,165.5,"NC_Dogny",856,1500,15.7394700784336,8.67178452719765,19.7889960477439,8.84006900353184,1809.36361598646,21.9435611208299,22.0445104425603,2.36308560759624,15.7394700784336,8.67178452719765,19.7889960477439,8.84006900353184,1809.36361598646
"145","-22.1166.5",-22.1,166.5,"NC_Riviere",857,1300,11.8329638368063,6.66793059970422,14.7832536456288,7.61253904415818,1237.26403929825,21.1125974693616,21.201650723544,2.55165637802722,11.8329638368063,6.66793059970422,14.7832536456288,7.61253904415818,1237.26403929825
"146","43.1711.35",43.17,11.35,"IT_Tuscany",864,756,13.3403426988936,8.74730260778134,13.2175614945721,4.37638062871708,433.061145137392,18.1238928315998,18.3629333496093,4.78661474437145,11.7662530632502,7.96189831215253,11.2953346868896,5.28644223506114,806.049097612527
"147","35.167-111.517",35.167,-111.517,"USA_Az_Walnut",889,470,17.9963767987639,10.9034405108435,20.2084761854617,2.44249121044701,255.851273758961,13.6414230415655,14.0562289151278,4.92121777614765,11.3223225488634,6.91720676174472,13.4425802279948,3.83358103831942,568.837614850238
"148","32.167-107.6",32.167,-107.6,"USA_Nm_Rockhound",893,390,12.2504937077976,7.89800093974918,12.1242534219985,1.87265787647467,212.975714909326,18.9836582530629,19.7161057905717,6.4005674977316,10.7364900572894,6.67414181712295,10.9431159607678,1.87789028846743,270.447899184305
"149","13.833-61.05",13.833,-61.05,"LC_Petit",897,2187,7.9620977256895,5.93125753612681,6.6736559151921,11.9814282506176,1315.5432455484,27.0018250661302,27.1803943980823,0.861231931503996,7.9620977256895,5.93125753612681,6.6736559151921,11.9814282506176,1315.5432455484
"150","34.017-116.067",34.017,-116.067,"USA_Ca_Joshua",899,355,11.1101670011509,8.45341080022871,9.06962933383218,0.63672582397682,67.0116753266248,20.3782641429135,20.6502580122514,6.31138206489434,10.4054241155896,7.1195544590856,9.26521489004529,1.18729150929914,176.073552830775
"151","29.267-103.267",29.267,-103.267,"USA_Tx_BigBend",903,620,13.5601052850931,7.90687755379953,15.1896801253237,2.50581818181818,302.395631791382,24.757839860396,25.8513928500088,5.44749291169716,12.1880106874153,6.94935678721363,14.0361485714697,2.15423105975543,350.906026366847
"152","18.07-76.67",18.07,-76.67,"JM_BlueMnts",905,2213.2,12.5636785131515,7.54082805572332,15.0285126133823,14.1617806177653,2312.17329097681,23.8440177663505,23.9826141357421,1.29155326581731,12.5636785131515,7.54082805572332,15.0285126133823,14.1617806177653,2312.17329097681
"153","44.1-121.13",44.1,-121.13,"USA_Or_CrookedRiver",909,191.9,5.75360040650922,4.63440215754831,3.51880822654026,1.90748663101604,93.957977107853,14.9177652777198,15.1174708973278,4.91834618436563,5.1129237008574,4.07840101397596,3.09252653541281,2.96880754547496,300.039676006386
"154","31.88-104.8",31.88,-104.8,"USA_Tx_Guadalupe",913,431.1,13.5846264766007,8.14890687237494,14.402455907503,2.32159090909091,267.079727445061,20.4348528636586,21.2621154785156,5.44926991307349,11.6960315047128,6.8038935167715,12.9578549857935,2.04968866749689,323.767536920827
"155","48.37-122.52",48.37,-122.52,"USA_Wa_Fidalgo",915,685.4,7.23693395386841,5.68661090065937,5.05833398995418,4.10257656781721,219.18799018325,14.5586045357459,14.6193636807528,3.95967082926328,6.70622744764528,5.37112708843779,4.45804514454745,6.93306249106833,665.246668540987
"156","35.95-79.067",35.95,-79.067,"USA_Nc_DukeForest_1",917,1005,9.70302121187134,6.71306456227533,9.14629795587896,9.7564935064935,859.396410533624,19.1409249166734,20.481877968528,6.31932647470004,10.1758707969306,7.01741776905361,9.39642812413579,9.11790212931017,1215.46666252298
"157","34.7-76.667",34.7,-76.667,"USA_Nc_Carrot",919,1320,12.2982875841514,8.16124375179325,12.3804008168458,9.8784771189248,1458.93610884363,18.0825414961557,19.3631145130504,7.54070747509529,12.3910968546592,8.21538789070804,12.4200364298219,9.73158851029949,1557.7514534082
"158","-37.427175.72",-37.427,175.72,"NZ_Waikano",924,1198,12.860583705913,7.87448951561766,13.7250158192875,10.8081177428044,1526.86442642531,14.1844454386708,14.4285719438033,3.58778462194398,13.1475613694558,7.99632078396495,13.9980998665681,11.2703448135067,1920.42852083789
"159","-22.033166.467",-22.033,166.467,"NC_Sud_1",925,1072,11.8329638368063,6.66793059970422,14.7832536456288,7.61253904415818,1237.26403929825,21.1125974693616,21.201650723544,2.55165637802722,11.8329638368063,6.66793059970422,14.7832536456288,7.61253904415818,1237.26403929825
"160","-22.083166.447",-22.083,166.447,"NC_Sud_2",926,1072,11.8329638368063,6.66793059970422,14.7832536456288,7.61253904415818,1237.26403929825,21.1125974693616,21.201650723544,2.55165637802722,11.8329638368063,6.66793059970422,14.7832536456288,7.61253904415818,1237.26403929825
"161","-35.117176.208",-35.117,176.208,"NZ_Puke",929,1198,10.2272828162851,6.31545317830222,10.9242468108174,8.19343445685238,1146.88874160694,16.984865121106,16.7826753096147,2.50588669202538,10.2272828162851,6.31545317830222,10.9242468108174,8.19343445685238,1146.88874160694
"162","37.067-113.967",37.067,-113.967,"USA_Ut_StGeorge",931,500,8.73606753166997,6.22158197871282,7.59733024481199,2.25524475524476,193.160624544101,15.0095088142449,15.3078768643466,7.11040839178506,7.93124015946808,5.72406949687072,6.70358803241126,2.79122961027295,312.945289137894
"163","-34.427175.727",-34.427,175.727,"NZ_Waitakere",933,1240,10.3341063251691,6.40064591631844,10.7924270610662,7.96647816589429,1124.32283276936,17.4370955215763,17.2319696599787,2.44383493917644,10.3341063251691,6.40064591631844,10.7924270610662,7.96647816589429,1124.32283276936
"164","40.067-111.033",40.067,-111.033,"USA_Ut_Uinta_2",935,1200,12.4088915080094,9.41727572104851,9.76769414461507,2.32867132867133,96.9951601964359,14.4609274857528,14.6933703335849,3.30085316132626,7.28810146838845,5.37125643739604,5.94959058700526,4.99987138394954,528.12898732819
"165","66.9-152.547",66.9,-152.547,"USA_Ak_Bettles",937,320,6.60007664132776,5.60093705735529,3.79915221353952,5.56739811912226,86.3162204652128,12.7500459724833,12.7123494928533,3.46300651928235,5.60596540052738,4.47173665722155,3.48838055582115,3.53948104444399,359.790788057901
"166","24.717-77.783",24.717,-77.783,"BS_Andros",939,2250,10.841593598737,7.12240385801785,11.3900502820935,9.56016373027377,1374.23152027992,24.4998526974306,24.7863604458895,3.00100964499289,10.841593598737,7.12240385801785,11.3900502820935,9.56016373027377,1374.23152027992
"167","-38.898175.417",-38.898,175.417,"NZ_Wellington",944,1249,10.0027476530718,7.12649131024426,8.62249389692997,11.810253837843,1059.69310997255,13.8768810920825,14.0559910167347,3.28515077836139,10.3336100009708,7.43534425030124,8.78080469431961,12.5487536492252,1701.17725427402
"168","-22.0833333333333166.433333333333",-22.0833333333333,166.433333333333,"",947,1072,11.8329638368063,6.66793059970422,14.7832536456288,7.61253904415818,1237.26403929825,21.1125974693616,21.201650723544,2.55165637802722,11.8329638368063,6.66793059970422,14.7832536456288,7.61253904415818,1237.26403929825
"169","38.883-123.417",38.883,-123.417,"USA_Ca_Sonoma",949,1605,16.513378385473,10.7628466670444,15.5297177013556,2.18810222036028,277.081697434145,16.7365026990989,17.2119101784446,3.12938250897297,20.9657516513325,13.3424141455907,21.1696939977181,5.24476451013617,1382.78246421331
"170","35.867-79.983",35.867,-79.983,"USA_Nc_Durham",951,1490,9.62921832291,6.73468863088849,8.96987647404935,9.62573313782991,830.20855652204,19.258192648566,20.5921951293945,6.24291227190804,10.0875209746503,6.99298805504275,9.20870725535199,9.02818733029827,1195.45389043635
"171","37.364-80.539",37.364,-80.539,"USA_Va_MountainLake",952,1190,8.15942392339852,6.10550216706046,6.37791660266557,10.1969696969697,501.780475911729,19.0768595531734,19.8297832142223,3.88061390334766,8.55902074089039,6.32656179125082,6.83139429387797,8.83853990159851,1030.54088968358
"172","33.955-83.383",33.955,-83.383,"USA_Ga_Athens",958,1257,10.0899708926201,7.00599216443317,9.41423686825646,9.13333333333334,893.625112452768,20.4255603654136,21.8812092174183,6.41528424561899,10.9982145910962,7.4120513380992,10.4901708883771,8.86093950962579,1265.97096062871
"173","46.32-117.978",46.32,-117.978,"USA_Wa_Dayton",959,496,9.04364549316045,6.59074393270368,7.29822899561927,3.26450433988122,218.709185996706,14.6287503245543,14.8257820822976,5.49346560842293,7.66743701218887,5.74594453252344,5.82539251749162,5.58226935875712,602.645996055237
"174","34.368-79.294",34.368,-79.294,"USA_Sc_GeorgeTown",960,1188,9.46209258376241,6.75101321550425,8.74869330150979,10.4995147201553,1003.56257908136,20.2614301984498,21.8526741721413,6.695311871422,9.82487705789446,6.90839963129044,9.10542010642087,9.79208296756018,1259.78996311454
"175","26.976-81.128",26.976,-81.128,"USA_Fl_Lakeport",962,1320,10.9910716339181,7.65526739414781,10.1684747437118,9.19117040605925,1320.85431905754,23.4960314795972,24.3798690795898,4.48884767113217,10.9910716339181,7.65526739414781,10.1684747437118,9.19117040605925,1320.85431905754
"176","44.25-116.968",44.25,-116.968,"USA_Idaho_Weiser",964,312,6.9909979220501,5.39163884516297,4.93699261320982,2.26835664335664,137.879953438822,16.2270389116728,16.4439792979847,6.02024978634648,6.164864822672,4.89738366423725,3.99401553339441,4.06428965151175,392.962204666304
"177","34.083-118.701",34.083,-118.701,"USA_Ca_SantaMonica_3",969,379,15.9651866817596,9.97460243212779,16.6019958116247,2.32004573015128,484.009029616622,14.7370355142038,14.5330334750089,4.69334350416508,15.9651866817596,9.97460243212779,16.6019958116247,2.32004573015128,484.009029616622
"178","34.086-118.651",34.086,-118.651,"USA_Ca_SantaMonica_7",971,379,15.9651866817596,9.97460243212779,16.6019958116247,2.32004573015128,484.009029616622,14.7370355142038,14.5330334750089,4.69334350416508,15.9651866817596,9.97460243212779,16.6019958116247,2.32004573015128,484.009029616622
"179","34.034-118.7",34.034,-118.7,"USA_Ca_SantaMonica_9",975,379,15.9651866817596,9.97460243212779,16.6019958116247,2.32004573015128,484.009029616622,14.7370355142038,14.5330334750089,4.69334350416508,15.9651866817596,9.97460243212779,16.6019958116247,2.32004573015128,484.009029616622
"180","34.5-119.817",34.5,-119.817,"USA_Ca_SantaBabs",1004,650,12.03855674259,8.01474156778898,11.3978438280434,2.05711722488038,273.136103643748,12.2336166984157,12.3667870261452,4.37064459609606,12.929178714333,8.30780083773954,12.66443034368,2.68741604230039,460.712388922124
"181","18.25-97.433",18.25,-97.433,"MX_Tehuacan",1006,611,11.2974120912382,6.79365894153968,12.4700054932418,8.46071698344324,1296.16815026924,18.79690852431,19.1552291870117,2.74851495679573,11.2974120912382,6.79365894153968,12.4700054932418,8.46071698344324,1296.16815026924
"182","39.583-119.783",39.583,-119.783,"USA_Nv_Desert",1015,225,6.27194086067066,4.89983745400836,3.99899737967822,1.32178932178932,72.7538914316679,14.758555523027,15.0092695756392,5.38214031554381,6.45963615834307,4.84606335706882,4.72260036404628,2.40527529959374,257.784926645507
"183","53.75-122.7",53.75,-122.7,"CA_Bc_PrinceGeorge",1016,611,7.87954463366642,5.95961792886638,5.81527637826087,5.8394584139265,248.125154810027,13.2335506161285,13.384902121804,3.64294895150998,6.1230007464376,4.64180618741507,4.40412836546601,5.9808954126942,598.366071528121
"184","36.017-78.983",36.017,-78.983,"USA_Nc_DukeForest_3",1044,1220,9.27794853344252,6.54100412767465,8.43328184522288,9.76082251082251,826.874783381464,18.8857173176555,20.2290467695756,6.49575760923381,9.68193803071708,6.77524986190044,8.71205173231034,9.04549741747137,1156.00795548844
"185","35.171-79.382",35.171,-79.382,"USA_Nc_Bragg",1066,1190,9.76409058569697,6.88002657854337,9.0863896038174,9.88452088452089,898.812397231591,19.3634247018982,20.7309312300248,6.43517775173296,10.1906088030356,7.12794461652679,9.33872418579887,9.19035583773962,1225.49218956165
"186","-15.933-47.883",-15.933,-47.883,"BR_IBGE",1074,1500,12.869021644919,8.7426417990884,12.7839531439208,9.98622379192781,1568.73100351865,21.8795418364382,22.014243108576,1.8865113455131,12.869021644919,8.7426417990884,12.7839531439208,9.98622379192781,1568.73100351865
"187","-46.517-71.05",-46.517,-71.05,"AR_Patagonia",1099,188,5.63988917325309,4.59441150117474,3.47680682430958,1.69345315318166,101.748786116542,10.5582701282871,10.5032280661843,3.29636615759938,5.81880375197618,4.53809883772319,3.83683391617954,2.78532347957455,322.475291157455
"188","34.267-118.15",34.267,-118.15,"USA_Ca_SanGabriel",1106,1200,11.686472450715,7.86688971497246,10.5012170990582,1.19090909090909,123.759677219776,15.748884381381,15.8387820157138,4.59518907331085,15.6726255855764,9.72290665990758,16.5389080592772,2.44996427331931,504.135439728849
"189","34.083-118.683",34.083,-118.683,"USA_Ca_SantaMonica_1",1107,766,15.9651866817596,9.97460243212779,16.6019958116247,2.32004573015128,484.009029616622,14.7370355142038,14.5330334750089,4.69334350416508,15.9651866817596,9.97460243212779,16.6019958116247,2.32004573015128,484.009029616622
"190","34.0416666666667-118.708333333333",34.0416666666667,-118.708333333333,"",1109,403,15.9651866817596,9.97460243212779,16.6019958116247,2.32004573015128,484.009029616622,14.7370355142038,14.5330334750089,4.69334350416508,15.9651866817596,9.97460243212779,16.6019958116247,2.32004573015128,484.009029616622
"191","11.783-70.133",11.783,-70.133,"VE_Pataguana",1119,500,6.87881722480075,5.01305296218065,5.52344113439882,3.8604781250638,460.401122765466,27.9577688616057,28.1059610540216,0.836355677417841,6.87881722480075,5.01305296218065,5.52344113439882,3.8604781250638,460.401122765466
"192","-18.101-64.456",-18.101,-64.456,"BO_1",1120,482,8.12932277683801,5.37531642936466,7.85494592956135,5.47198211624441,683.022975885513,17.8047366688568,18.4425785411488,2.86279528411345,8.12932277683801,5.37531642936466,7.85494592956135,5.47198211624441,683.022975885513
"193","11.93-69.96",11.93,-69.96,"VE",1121,638,6.35551982027053,4.69467193988914,4.75399336152617,3.53412204234122,413.320102794108,27.7638952389088,27.9116371848366,0.852501321870737,6.35551982027053,4.69467193988914,4.75399336152617,3.53412204234122,413.320102794108
"194","19.09-71.68",19.09,-71.68,"DO_1",1122,1559,11.3332085296004,7.44526247822002,11.3247748073146,10.2222199538615,1529.28408782808,23.4944257421104,23.6905760331587,1.60048735950474,11.3332085296004,7.44526247822002,11.3247748073146,10.2222199538615,1529.28408782808
"195","18.617-70.24",18.617,-70.24,"DO_3",1123,955,9.04840558905322,6.32834379910491,8.75188311884531,14.9374762672764,1814.19235294287,22.9155620922064,23.1535245028409,1.45772269436831,9.04840558905322,6.32834379910491,8.75188311884531,14.9374762672764,1814.19235294287
"196","18.42-71.76",18.42,-71.76,"DO_2",1124,662,10.8924341119069,6.49333069418472,12.2603989287332,5.16644345997591,779.162665383204,22.1498902116125,22.279853959517,1.40699963205745,10.8924341119069,6.49333069418472,12.2603989287332,5.16644345997591,779.162665383204
"197","-18.274-64.158",-18.274,-64.158,"BO_2",1125,533,8.12932277683801,5.37531642936466,7.85494592956135,5.47198211624441,683.022975885513,17.8047366688568,18.4425785411488,2.86279528411345,8.12932277683801,5.37531642936466,7.85494592956135,5.47198211624441,683.022975885513
"198","-16.541-67.391",-16.541,-67.391,"BO_3",1126,1433,6.44448501875591,4.89870368111455,4.5441423527734,10.4278770185575,1026.02082774248,14.2189800626427,14.5508693348278,1.9792623881579,6.44448501875591,4.89870368111455,4.5441423527734,10.4278770185575,1026.02082774248
"199","-40.05-71.167",-40.05,-71.167,"AR_Melequina ",1127,684,9.70919794309662,7.10206926853227,8.11525845719587,4.49787792233375,229.575480141293,12.0152757508523,11.8681314641779,3.48337065421208,10.9837818769171,7.80412558540279,9.56834344682304,9.26952412061327,1327.65049995666
"200","-40.65-71.017",-40.65,-71.017,"AR_Alicura",1128,400,8.10884237539219,5.919435455104,6.64357716313136,4.18900779974606,201.754600774283,11.2105321419136,11.0710397893732,3.52870290235444,9.4829659292921,6.85635852521624,7.86830207025562,8.74317824551375,1112.63039463296
"201","-41.05-71.533",-41.05,-71.533,"AR_LlaoLlao",1129,1500,10.1850713292856,7.66688902671872,8.17804111619932,8.5037059303474,453.747441046088,10.1521469826763,9.94303075617012,3.32976195437243,12.2570664767494,9.21997312456369,9.84182457563712,13.3278525202621,2072.90260333115
"202","9.917-66.917",9.917,-66.917,"VE_Aragua",1174,1276,9.61154257521757,6.86033553205727,8.41239013564652,8.59080905620317,1123.47979976089,24.9277447173188,24.8461156671697,1.15317540894084,9.61154257521757,6.86033553205727,8.41239013564652,8.59080905620317,1123.47979976089
"203","10.25-67.05",10.25,-67.05,"VE_Miranda",1175,900,7.96007894375236,5.90081976488529,6.37685306356468,9.40319498601556,1029.08851004158,20.7577758176693,20.7938839999112,1.1393325756161,7.96007894375236,5.90081976488529,6.37685306356468,9.40319498601556,1029.08851004158
"204","34.083-118.7",34.083,-118.7,"USA_Ca_Malibu_2",1186,454,15.9651866817596,9.97460243212779,16.6019958116247,2.32004573015128,484.009029616622,14.7370355142038,14.5330334750089,4.69334350416508,15.9651866817596,9.97460243212779,16.6019958116247,2.32004573015128,484.009029616622
"205","21.683101.417",21.683,101.417,"CN_Xishuangbanna",1188,1560,9.889493661899,7.31121407689484,8.55004524870282,11.0793683522855,1404.38939386641,21.3884818177188,22.3503780018199,3.54589398281047,9.889493661899,7.31121407689484,8.55004524870282,11.0793683522855,1404.38939386641
"206","32.013-110.629",32.013,-110.629,"USA_Az_Pima",1195,310,14.5370535096138,8.34805202358191,16.8196110120371,2.13379073756432,335.792501462105,19.453495495438,19.8416544133966,7.1961616315787,13.5881494349314,8.03808160962283,15.727206742865,2.29392238123431,391.984530028861
"207","42.726-84.451",42.726,-84.451,"USA_Mi",1218,781,9.69630096796493,6.73466982732696,8.61046833348445,7.7475876079228,484.918437801389,17.3284098968584,18.0528628262606,5.38318624079993,8.7176964194838,6.09953305424741,7.62069019418861,7.14136741318417,866.430005033943
"208","47.31711.1",47.317,11.1,"AT_Tyrol_Telfs",1227,883,8.63177834729131,6.597866839253,6.48199431740431,13.2980437284235,650.265906592741,9.24610341448506,9.42090190540662,3.8850320874544,7.8662612241756,5.88890318171418,5.99067105428186,10.5022048465794,1130.76774981187
"209","42.883-72.317",42.883,-72.317,"USA_Ma_HarvardForest",1237,1071,10.6139646449747,7.45665799228432,9.40777716057264,8.46247357293869,553.116733532014,17.092805487409,17.6634589455344,4.75586533946548,10.5955782012747,7.49712491259826,9.21483356145205,8.26148663822143,1159.87566920076
"210","19.583-96.367",19.583,-96.367,"MX_Veracruz",1245,1350,21.8460424707648,10.1846846639687,32.1512801786585,4.74529530653492,1304.52978373649,24.1526612640525,24.9891744440252,2.78344428487432,21.8460424707648,10.1846846639687,32.1512801786585,4.74529530653492,1304.52978373649
"211","37.417-122.25",37.417,-122.25,"USA_Ca_Jasper",1248,579,15.0872094852109,10.1443645931696,14.4162763525599,3.65034965034965,659.703119753749,14.1574995996107,14.3027721058239,3.60022497558239,15.6046995897232,10.39793587385,15.0300888480232,3.99564542800563,802.863855688965
"212","19.5-105.05",19.5,-105.05,"MX_Chamela",1250,748,21.4260507393025,11.9088892183605,27.0235826724447,5.20515689116632,1364.14069503936,26.182963618142,26.6304039695046,2.16416383202884,21.4260507393025,11.9088892183605,27.0235826724447,5.20515689116632,1364.14069503936
"213","47.23311.35",47.233,11.35,"AU_Tyrol_Natters",1273,883,8.6575251077548,6.62852237376765,6.48602186662368,13.3850267379679,634.984850740337,9.37904430078882,9.54952115145599,3.82466103495351,7.8662612241756,5.88890318171418,5.99067105428186,10.5022048465794,1130.76774981187
"214","47.18311.317",47.183,11.317,"AT_Tyrol_Birgitz_1",1275,879,9.49453936128438,7.48427887542427,6.76594595079275,14.3348115299335,198.14886164583,11.494481041479,11.6276969216087,3.17754920220705,7.8662612241756,5.88890318171418,5.99067105428186,10.5022048465794,1130.76774981187
"215","47.1511.117",47.15,11.117,"AT_Tyrol_Praxmar",1280,879,7.8662612241756,5.88890318171418,5.99067105428186,10.5022048465794,1130.76774981187,3.10290754796891,3.43311559503731,7.27390304213069,7.8662612241756,5.88890318171418,5.99067105428186,10.5022048465794,1130.76774981187
"216","47.26711.367",47.267,11.367,"AT_Tyrol_Innsbruck",1281,883,8.54040988694528,6.51331055057447,6.42690586285443,12.9973103819258,675.41362357171,8.94209218468959,9.14999916770244,4.03989721682835,7.8662612241756,5.88890318171418,5.99067105428186,10.5022048465794,1130.76774981187
"217","47.23311.3",47.233,11.3,"AT_Tyrol_Götzens",1284,883,8.69858826999408,6.64986780363093,6.52617651804704,13.4258694325808,622.953939563599,9.4777159099102,9.64498457475144,3.77891844891941,7.8662612241756,5.88890318171418,5.99067105428186,10.5022048465794,1130.76774981187
"218","45.817-121.95",45.817,-121.95,"USA_Wa_WindRiver_2",1289,2200,8.87434253249912,6.59910868154839,6.94336835763384,4.6668449197861,268.170679986906,14.1758877971466,14.2386677135121,4.55728121672686,12.8883325007955,9.10817368845032,11.2904559044482,10.2640385439846,1690.43481770341
"219","53.417-113.75",53.417,-113.75,"CA_Alberta_Woodbend",1294,475,10.4350137257437,7.0667784339325,9.28170180223406,6.7006993006993,318.557529223838,13.8278768109942,14.0460991599343,3.59477667095322,8.21763064584202,5.36353812473614,7.85624505016132,4.08349835657269,507.509747071692
"220","53.441-116.661",53.441,-116.661,"CA_Alberta_Edson",1306,563,9.53244809510462,6.68550028698519,8.2121670417719,8.6995377503852,352.280566529848,12.2112014347306,12.2659753972834,3.47752782707019,7.39497113249485,4.98348757704,6.68097388684908,5.41056284833514,625.354140821586
"221","-34116",-34,116,"AU_Wa_Pemberton",1315,1200,10.6815976344344,7.78846165429885,8.8039767604527,7.04734091419472,986.609077511486,15.4328326074536,14.7821473555131,4.6466677635787,10.6815976344344,7.78846165429885,8.8039767604527,7.04734091419472,986.609077511486
"222","31.783-110.833",31.783,-110.833,"USA_Az_SantaRita_1",1353,394,18.6617102903237,9.83244331363081,23.574841684944,2.06201298701299,356.562154063396,18.282920331088,18.9223435835404,6.29873004989273,15.419793201123,8.4355549136473,20.1783413698756,2.35741787967254,454.322798792937
"223","31.783-110.9",31.783,-110.9,"USA_Az_SantaRita_2",1355,430,17.0317420644119,9.03846663846211,22.0008632786373,2.19493006993007,393.718972022729,17.248170727283,17.5829688332297,6.78452207181982,15.419793201123,8.4355549136473,20.1783413698756,2.35741787967254,454.322798792937
"224","34.042-118.708",34.042,-118.708,"USA_Ca_Pepperdine_2",1356,403,15.9651866817596,9.97460243212779,16.6019958116247,2.32004573015128,484.009029616622,14.7370355142038,14.5330334750089,4.69334350416508,15.9651866817596,9.97460243212779,16.6019958116247,2.32004573015128,484.009029616622
"225","34.042-118.722",34.042,-118.722,"USA_Ca_CorralCanyon",1368,403,15.9651866817596,9.97460243212779,16.6019958116247,2.32004573015128,484.009029616622,14.7370355142038,14.5330334750089,4.69334350416508,15.9651866817596,9.97460243212779,16.6019958116247,2.32004573015128,484.009029616622
"226","39.7-111.783",39.7,-111.783,"USA_Ut_Tintic_1",1370,422,10.3221969024868,7.27484052805018,8.67213561608333,2.48216340621404,140.207883657848,15.2227896599281,15.6900970458984,4.51356492737591,6.8992693264267,5.05145956164184,5.81284857663477,3.89178286344242,400.907563810241
"227","39.933-111.417",39.933,-111.417,"USA_Ut_4",1402,486,11.7798117668397,8.02701313122684,10.8651742698287,2.53417385534174,139.407207115243,13.3937849807993,13.7614255038175,3.917337997903,7.23112599780449,5.15864903054369,6.49291327244235,4.41662005185473,469.710806359845
"228","47-114.467",47,-114.467,"USA_Mt_Alberton_1",1407,340,8.23288210243449,5.9400259107563,6.66903917299543,4.2219598583235,201.335369605934,14.848911713259,15.0516078602184,4.63506964170354,6.07873587344482,4.3684560531454,5.00163029868101,4.15325521099157,438.112424058363
"229","-5.133145.683",-5.133,145.683,"PNG_Madang",1420,3558,22.113152912309,12.1429004088383,27.8261734788714,12.4227997468509,3416.32939257359,26.4457452076124,26.5097958651455,0.95060744643352,22.113152912309,12.1429004088383,27.8261734788714,12.4227997468509,3416.32939257359
"230","10.2-84.7",10.2,-84.7,"CR_Monteverde",1436,3000,11.9158354516796,8.33922180908055,11.3054905997344,18.3595512728906,2760.8663352391,25.104912562791,25.0141537753018,1.19057856181155,11.9158354516796,8.33922180908055,11.3054905997344,18.3595512728906,2760.8663352391
"231","-22.583165.917",-22.583,165.917,"NC_MtAoupinie",1444,2500,11.3743941872013,6.41982399461664,14.1582084430171,5.4882489843415,893.897876739563,23.1678231437003,23.1514013117009,2.00305570916009,11.3743941872013,6.41982399461664,14.1582084430171,5.4882489843415,893.897876739563
"232","-16.533145.583",-16.533,145.583,"AU_Qld_BartleFrere",1447,3000,16.7408767705993,8.76598763300783,22.4975439957379,9.17475654819019,1969.4875057689,23.5502616686726,23.9709483753551,2.50004911440995,16.7408767705993,8.76598763300783,22.4975439957379,9.17475654819019,1969.4875057689
"233","44.817-79.4",44.817,-79.4,"CA_SankeIsland",1448,945,10.8864888545203,7.6934771455655,9.40647333245017,7.27330631152287,438.729728373583,15.9562796640755,16.4403497869318,4.62709697986302,8.84322573251718,6.21531230180567,7.56063432881227,8.53082293857052,1025.27043646662
"234","4.95114.41",4.95,114.41,"BN_Badas",1460,3000,16.603379874196,9.80277316803536,19.5417625742888,14.6186350366454,3057.80576247032,26.9234636842166,26.9496638904918,0.732650680965755,16.603379874196,9.80277316803536,19.5417625742888,14.6186350366454,3057.80576247032
"235","4.66114.52",4.66,114.52,"BN_Andalau",1462,3000,20.1381954827515,11.2180072690403,24.6967119985971,13.7412510462814,3461.34088686897,26.7756352568856,26.8003263993696,0.696394474026586,20.1381954827515,11.2180072690403,24.6967119985971,13.7412510462814,3461.34088686897
"236","52.4170.667",52.417,0.667,"UK_Thetford",1501,588,6.50503519399214,5.08615889771714,4.38328279153909,6.36363636363637,304.157951186135,13.8818680511124,14.0259689331055,3.28278934106279,6.20628124548215,4.91708919093732,4.04828505798387,6.73737827409509,651.620808445256
"237","35.2-82.233",35.2,-82.233,"USA_Nc_Tyron",1504,1458,10.3292180766203,7.25901459714144,9.71149589755045,11.0912771439087,1016.91695795563,18.5636953725243,19.8831265536221,5.8146268396881,11.2716553123016,7.69865945198531,10.8179944028696,10.3297470551007,1512.18351248546
"238","47.26710.7",47.267,10.7,"AT_Tyrol_Hahntenjoch",1518,879,9.33735304547007,7.79145351081917,6.16425627376197,13.2954545454545,70.6005513309221,9.6104538830844,9.59366510564633,2.98230089605228,8.13563142295285,5.99748020944059,6.49568782133154,10.3178143437519,1140.76202098126
"239","47.18311.3",47.183,11.3,"AT_Tyrol_Axamer",1519,879,7.8662612241756,5.88890318171418,5.99067105428186,10.5022048465794,1130.76774981187,3.10290754796891,3.43311559503731,7.27390304213069,7.8662612241756,5.88890318171418,5.99067105428186,10.5022048465794,1130.76774981187
"240","38.683-119.733",38.683,-119.733,"USA_Nv_Alpine",1526,550,7.42370809328266,5.77379614469299,5.33500118234662,1.6025078369906,72.554715671332,13.3774963206707,13.6753678755327,4.37094684926817,8.81476132712763,6.17052362983073,7.81249065974906,4.73796010860911,585.988743572012
"241","39.367-119.683",39.367,-119.683,"USA_Nv_Virginia",1527,473,6.67462942062488,5.52002160238441,4.24520923633345,1.37180185084377,67.9863670402553,14.0812497042935,14.3535159024325,4.82270311880632,7.39578851256856,5.3912447275996,5.99309060600072,3.51332094808403,393.392364612911
"242","39.567-119.833",39.567,-119.833,"USA_Nv_Peavine",1528,245,6.25960353487005,4.94240275520662,4.00840031093168,1.30669330669331,68.9225668126327,15.0393623999902,15.3110412597656,5.2430330513887,6.45963615834307,4.84606335706882,4.72260036404628,2.40527529959374,257.784926645507
"243","51.233-116.05",51.233,-116.05,"CA_Alberta_Banff",1529,569,7.54656360463771,5.88375510489145,5.20779216380751,6.40717029449424,128.770098008591,8.71835042291661,8.73372192382815,2.9117680978587,5.98097150783773,4.54263193342327,4.1621589109001,6.40671253291958,626.24492682151
"244","25.7105.583333333333",25.7,105.583333333333,"",1539,1100,8.16989137462019,5.9886635921959,6.83492909628535,12.156272584366,1377.81419257608,16.915391995341,18.184562960538,6.18926554977539,8.16989137462019,5.9886635921959,6.83492909628535,12.156272584366,1377.81419257608
"245","25.4333333333333108.083333333333",25.4333333333333,108.083333333333,"",1544,1320,9.61337733568066,6.96661440052346,8.24797905808926,13.5037105751391,1363.76436751326,21.1773816167092,22.503645879572,5.52612946021008,9.32761908279045,6.6885197580665,8.10473396225481,11.6747279668456,1445.18960487304
"246","26.25105.733333333333",26.25,105.733333333333,"",1560,1398,8.56417501274827,6.09081282793671,7.65681689726351,15.2737226277372,1319.75043405561,18.5439041643959,19.526924272017,4.44731759644505,8.41633100272806,5.93713143385354,7.58500626861134,11.8374905579487,1386.43413998661
"247","-45.95-67.5166666666667",-45.95,-67.5166666666667,"",1585,287,6.87326387267431,5.2629855258221,5.01838221752171,1.78008700627455,135.411796272835,13.6351780943999,13.7926947853782,4.25766697955917,6.86201870755567,5.12580657224383,5.26076490595364,2.11243696792765,245.157262753528
"248","-42.3876147.0487",-42.3876,147.0487,"",1604,573,6.8397374090329,4.98174336633052,5.33458420706794,5.67924253223612,315.384057029064,12.4467140220906,12.2562810724432,3.49091831846068,6.17030347630236,4.61533137713559,4.67286405792558,6.34379274442153,650.631377531728
"249","-18.4373146.1287",-18.4373,146.1287,"",1619,1923,18.4806903621576,9.6911248376339,25.3300183127372,9.63701692423902,2267.65782007477,23.347303805562,23.9047593550248,3.33112137031093,18.4806903621576,9.6911248376339,25.3300183127372,9.63701692423902,2267.65782007477
"250","-18.7105141.8301",-18.7105,141.8301,"",1635,634,13.2423755428001,8.3391613007883,14.4579877519892,4.01193475287345,694.741385032449,26.9195549880692,27.6114303588867,4.27418808437659,13.2423755428001,8.3391613007883,14.4579877519892,4.01193475287345,694.741385032449
"251","-33.68151.1479",-33.68,151.1479,"",1651,1284,11.5040262993741,7.01244967836167,12.8139146844589,7.01533389135006,1082.93198818114,17.3036173911993,17.3648283524946,4.39950603760186,11.5040262993741,7.01244967836167,12.8139146844589,7.01533389135006,1082.93198818114
"252","-42.9813147.1903",-42.9813,147.1903,"",1667,826,6.35229829721548,4.69327975911173,4.7671136755655,6.19475605672355,395.518565894668,12.8267872204536,12.5965755115856,3.63429495944217,6.08288616718832,4.5198947071119,4.58929029124151,6.3707449523304,650.656853325345
"253","-18.296145.4927",-18.296,145.4927,"",1683,1139,11.5624037498186,7.00860345064112,12.808742547883,5.27086948533165,844.730568893236,21.544519297069,22.052051336115,3.77478941861109,11.5624037498186,7.00860345064112,12.808742547883,5.27086948533165,844.730568893236
"254","-32.966146.1679",-32.966,146.1679,"",1700,415,11.5757633552743,7.52849190924528,11.166879872803,2.69830127678229,360.66511475038,18.5242094811615,18.5165348399769,6.63266796520411,11.0256519638746,7.14617530307309,10.645606903983,2.78586448359635,416.336864415147
"255","-32.7797150.9229",-32.7797,150.9229,"",1717,812,9.72274630652043,6.48523218554064,8.91338561931086,5.66642982388532,704.608265404789,16.9036407714025,16.8903499256481,5.46743375230456,9.61753797996518,6.40887741147625,8.84392807577559,5.54056917706143,743.002876723046
"256","-15.9333333333333-47.8833333333333",-15.9333333333333,-47.8833333333333,"",1732,1500,12.869021644919,8.7426417990884,12.7839531439208,9.98622379192781,1568.73100351865,21.8795418364382,22.014243108576,1.8865113455131,12.869021644919,8.7426417990884,12.7839531439208,9.98622379192781,1568.73100351865
"257","21.9333333333333101.25",21.9333333333333,101.25,"",1744,1500,9.889493661899,7.31121407689484,8.55004524870282,11.0793683522855,1404.38939386641,21.3884818177188,22.3503780018199,3.54589398281047,9.889493661899,7.31121407689484,8.55004524870282,11.0793683522855,1404.38939386641
"258","49.5-113.92",49.5,-113.92,"",1758,5.2,10.2517289044987,7.30405195732601,8.89968078722541,5.83030303030303,287.685703974897,13.9679289826159,14.2367009943182,4.01053637212614,7.84447281798538,5.35702824629632,7.16414752055297,4.34956617602025,513.953068777436
"259","49.62-114.5",49.62,-114.5,"",1759,3.5,8.89080951846547,6.44701356025921,7.14792801789088,5.37735849056604,182.923290162073,10.9492061503756,11.0877084905451,3.46567124552665,6.76171068615106,4.9474529966458,5.39001542476021,6.36942000285813,663.770997815437
"260","36.3709875472222-80.0149431180556",36.3709875472222,-80.0149431180556,"",1769,NA,9.26408794859834,6.58155495464929,8.42534114306797,10.0051948051948,822.970103697307,18.8534278023177,20.1812702525745,6.11662923146192,9.69280050050655,6.83520000798374,8.6467713548386,9.25225078088317,1182.90541450347
"261","41.3166666666667-220.354722222222",41.3166666666667,-220.354722222222,"",1776,NA,10.5450405564197,7.30140231676738,9.41601190122549,12.9251944552192,1778.58393053866,12.4182509385286,11.5741701993075,4.36907054751316,10.5450405564197,7.30140231676738,9.41601190122549,12.9251944552192,1778.58393053866
"262","34.1333333333333-117.833333333333",34.1333333333333,-117.833333333333,"",1791,350,16.3380858680786,10.1702035356059,17.6009010799896,2.91294530755568,617.288000712838,11.9702803131187,11.4164653431286,5.80634629790444,16.3380858680786,10.1702035356059,17.6009010799896,2.91294530755568,617.288000712838
"263","37.0166666666667-2.41666666666667",37.0166666666667,-2.41666666666667,"",1858,242,7.94355444838484,5.63976605544502,6.52845620752291,2.90008370250903,333.407428604347,14.6342451548564,13.6968315818093,6.53069301318041,7.94355444838484,5.63976605544502,6.52845620752291,2.90008370250903,333.407428604347
"264","38.2333333333333-4.2",38.2333333333333,-4.2,"",1864,725,9.41808097187815,6.8158632774033,7.56922606192185,4.05659241420831,425.328620816507,16.9332827747765,16.3189154885032,6.99058009392212,9.29574835890647,6.74641481531911,7.44811282406273,4.41955984729396,555.557199311815
"265","-43.2666666666667-71.6833333333333",-43.2666666666667,-71.6833333333333,"",1935,1500,7.48666119024636,6.20477166279954,4.59565378753535,8.79545454545454,61.1051883080082,12.172524099639,12.0427515203303,2.89497267717863,10.1613514468797,7.6741666408171,7.98906102442258,14.6794050997285,1919.36235617649
"266","-42.9166666666667-71.4166666666667",-42.9166666666667,-71.4166666666667,"",1936,1000,6.41402094553168,4.96098972931081,4.38586200099899,3.92104004840158,153.916893140133,11.4400383475961,11.273659584739,3.37780701076062,7.34437272163153,5.41564659559464,5.74128235663148,7.58870628585428,809.996537786004
"267","-42.9-71.3",-42.9,-71.3,"",1938,900,6.37005436040509,4.88801484435416,4.41769459597817,4.11025468441279,185.306667185575,11.00235285274,10.8250847556374,3.48700039188853,7.34437272163153,5.41564659559464,5.74128235663148,7.58870628585428,809.996537786004
"268","-43.1166666666667-71.55",-43.1166666666667,-71.55,"",1939,1032,7.84715796093192,6.19451419831338,5.43455947855491,10.8787555423674,564.8224362759,10.219751560867,10.0643058083274,3.38942943629152,10.1613514468797,7.6741666408171,7.98906102442258,14.6794050997285,1919.36235617649
"269","-35.8333333333333-72.5",-35.8333333333333,-72.5,"",1940,671,17.5837475365274,11.8684769699625,17.2890370942067,1.90372094063947,272.913745427222,14.9127237323025,15.0265416925603,2.73330321894332,18.0162955437164,11.653722868174,18.3340272760154,3.73431598717923,849.583162158703
"270","-46.5166666666667-71.05",-46.5166666666667,-71.05,"",1944,188,5.63988917325309,4.59441150117474,3.47680682430958,1.69345315318166,101.748786116542,10.5582701282871,10.5032280661843,3.29636615759938,5.81880375197618,4.53809883772319,3.83683391617954,2.78532347957455,322.475291157455
"271","21.1666666666667112.516666666667",21.1666666666667,112.516666666667,"",1993,1900,10.6121617596885,6.41717051505111,13.1378513111741,6.9503848273891,999.181634682783,23.7125723788322,24.7898282137784,3.76253001939848,10.6121617596885,6.41717051505111,13.1378513111741,6.9503848273891,999.181634682783
"272","21.9101.766666666667",21.9,101.766666666667,"",2067,1379,11.1879345546026,8.06133114690469,10.1123731316535,11.5049833615744,1631.40248978355,20.8186096228809,21.7606683904474,3.61429549842466,11.1879345546026,8.06133114690469,10.1123731316535,11.5049833615744,1631.40248978355
